1,1,"MILONIC","http://www.milonic.com",""
2,1,"Sample Menus","","Menu Samples"
3,1,"About Milonic","","About Milonic"
4,1,"Partners","","Partners"
5,1,"Links","","Links"
6,2,"Horizontal Navigational Menu","",""
7,2,"Vertical Navigational Menu","/menusample2.php",""
8,2,"All Horizontal Menus","/menusample25.php",""
9,2,"Using the popup function Fixed Position","/menusample3.php",""
10,2,"Using the popup Positioned by Images","menusample24.php",""
11,2,"Image Map Sample","menusample4.php",""
12,2,"Multiple Styles","menusample5.php",""
13,2,"Menus and Tool Tips","menusample6.php",""
14,2,"Multiple Colored Menus","menusample7.php",""
15,2,"Menu Items as Headers","menusample8.php",""
16,2,"Windows XP Style Menus","menusample12.php",""
17,2,"Windows 98 Style Menus","menusample13.php",""
18,2,"Relative Positioning (Table Bound)","menusample9.php",""
19,2,"Follow Scrolling","menusample10.php",""
20,2,"Opening Windows & Frames","menusample11.php",""
21,2,"Hiding DIVs when displaying menus","menusample14.php",""
22,2,"Activating MouseOver & MouseOut Functions","menusample15.php",""
23,2,"Dynamic Dragable Menus","menusample22.php",""
24,2,"Positioning with screenposition & offsets","menusample23.php",""
25,2,"100% Width Span Menu","menusample26.php",""
26,2,"Context Right Click Menu","menusample27.php",""
27,2,"Static Images Sample","menusample16.php",""
28,2,"Rollover/swap Images","menusample17.php",""
29,2,"Menus built from images","menusample18.php",""
30,2,"Images as Menu Backgrounds","menusample19.php",""
31,2,"Background Menu Item Images","menusample20.php",""
32,3,"Product Purchasing Page","http://www.milonic.com/cbuy.php",""
33,3,"Contact Us","http://www.milonic.com/contactus.php",""
34,3,"Newsletter Subscription","http://www.milonic.com/newsletter.php",""
35,3,"FAQ","http://www.milonic.com/menufaq.php",""
36,3,"Discussion Forum","http://www.milonic.com/forum/",""
37,3,"Software License Agreement","http://www.milonic.com/license.php",""
38,3,"Privacy Policy","http://www.milonic.com/privacy.php",""
39,4,"(aq) Web Hosting","http://www.a-q.co.uk/",""
40,4,"SMS 2 Email","http://www.sms2email.com/",""
41,4,"WebSmith","http://www.websmith.com/",""
42,5,"Apache Web Server","http://www.apache.org/",""
43,5,"MySQL Database Server","http://ww.mysql.com/",""
44,5,"PHP - Development","http://www.php.net/",""
45,5,"phpBB Web Forum System","http://www.phpbb.net/",""
46,5,"Anti Spam Tools","","antispam"
47,6,"Spam Cop","http://www.spamcop.net/",""
48,6,"Mime Defang","http://www.mimedefang.org/",""
49,6,"Spam Assassin","http://www.spamassassin.org/",""
